title,description,document_hub_id,otype,folder_id,folder_name,template_id,template_name, domain_id
Stand Establishment Yield Estimate,Budget yield adjusted after complete emergence for any germination/planting/weather field observations,,glossary_term,13,Global Seed Operations Glossary,37,Glossary Term,9
Seed Set Yield Estimate,Stand establishment yield estimate adjusted immediately after flowering for any abnormal conditions,,glossary_term,13,Global Seed Operations Glossary,37,Glossary Term,9
Mobile Ear Photometry Estimate,Unit Yield Estimation performed via mobile photometry tools between reproductive stage R3 and Dent.,,glossary_term,13,Global Seed Operations Glossary,37,Glossary Term,9
Pre Harvest Yield Estimate,"Adjustment of Unit yield Estimation if abormal conditions warrant.  Entered when grain moisture is between 50 and 35% or post defol application where defol is used.  Only entered if Mobile Ear photometry cannot be recorded, mobile ear photometry does not estimate accurately, or field conditions change between mobile ear photometry and harvest",,glossary_term,13,Global Seed Operations Glossary,37,Glossary Term,9
Field Yield,Yield in Units per Seed Parent land area.  ,,glossary_term,13,Global Seed Operations Glossary,37,Glossary Term,9
Current Units,Most recent unit estimate from YE1:YE2:YE3:PreHarv:Green:Shelled:Final,,glossary_term,13,Global Seed Operations Glossary,37,Glossary Term,9
Final Units,Conditioned and Packaged Units that have been loaded to SPIN.,,glossary_term,13,Global Seed Operations Glossary,37,Glossary Term,9
Field Maturity Measurement,Measure of crop maturity such as moisture in corn,,glossary_term,13,Global Seed Operations Glossary,37,Glossary Term,9
Plant Population,Number of plants per female acre after emergence,,glossary_term,13,Global Seed Operations Glossary,37,Glossary Term,9
Planting Date,Calendar date on which seed and pollen parents are planting.  All planting events are recorded,,glossary_term,13,Global Seed Operations Glossary,37,Glossary Term,9
Seed to Pollen Parent Row Ratio,Quantity of Female Plants to Male Plants in Seed Production Fields,,glossary_term,13,Global Seed Operations Glossary,37,Glossary Term,9
Current Acres,Female Acres,,glossary_term,13,Global Seed Operations Glossary,37,Glossary Term,9
Bulk Discard,Units discarded in bulk prior to packaging,,glossary_term,13,Global Seed Operations Glossary,37,Glossary Term,9
