title,description,document_hub_id,otype,folder_id,folder_name,template_id,template_name, domain_id
Recommended Row Ratio,"Ratio of Seed Parent (Female) rows to Pollen parent Rows (Male) recommended to obtain optimum fertilization and maximize seed yield and quality (purity). Standard nomenclature is Female:Male, for example a recommended 4:2 means the field should have 4 female rows for every 2 male rows.",,glossary_term,13,Global Seed Operations Glossary,55,Glossary Term,9
Recommended Planting Date Seed Parent,Recommended date range within the planting window for a particular Growing Area for the seed parent to achieve maximum genetic potential as female and nick with male.,,glossary_term,13,Global Seed Operations Glossary,55,Glossary Term,9
Recommended Planting Date Pollen Parent,Recommended date range within the planting window for a particular Growing Area for the pollen parent to achieve maximum genetic potential as a male and nick with female.,,glossary_term,13,Global Seed Operations Glossary,55,Glossary Term,9
Recommended Seed Parent Population,Number of seed parent (female) plants per land area of seed parent (female) recommended to maximize seed yield. Plants per acre and plants per hectare are the two most common units of measure.,,glossary_term,13,Global Seed Operations Glossary,55,Glossary Term,9
Recommended Pollen Parent Population,Number of pollen parent (male) plants per unit area of land designed as pollen parent (male) recommended to maximize pollen delivery. Plants per acre and plants per hectare are the two most common units of measure.,,glossary_term,13,Global Seed Operations Glossary,55,Glossary Term,9
Herbicide Recommendations,"Herbicide sensitivity information. Each parent is classified at 3 levels of susceptibilty for different families of herbicidies (by mode of action). Levels are OK, CAUTION and AVOID.",,glossary_term,13,Global Seed Operations Glossary,55,Glossary Term,9
Disease Recommendations,"Disease sensitivity information for each parent. Each parent has a score from 1-9 that can be translated into a categorical ""sensitivity clasification"" when they pass a certain threshold for each disease trait.",,glossary_term,13,Global Seed Operations Glossary,55,Glossary Term,9
Seed Comment,"Female comments from pacman. Managment recomendations , watchouts and general comments (buggy whipping, sunscald, silkballing etc.)",,glossary_term,13,Global Seed Operations Glossary,55,Glossary Term,9
Saleable Yield,"Conditioned seed units, minus semi-finished quality discard units, minus finished quality discard units - traceable from field, reference number, product, growing area, location, region",,glossary_term,13,Global Seed Operations Glossary,55,Glossary Term,9
Harvested Yield,"Green weight of harvest activity, converted to 80MK units using conversion factors of conditioning loss, stabilization loss, and seeds/KG - traceable from field, reference number, product, growing area, location, region",,glossary_term,13,Global Seed Operations Glossary,55,Glossary Term,9
Financial Yield,"Conditioned seed units, minus semi-finished quality discard units, minus finished quality discard units, minus semi finished no quality discard - traceable from field, reference number, product, growing area, location, region",,glossary_term,13,Global Seed Operations Glossary,55,Glossary Term,9
Shelled Units,Raw seed not yet conditioned,,glossary_term,13,Global Seed Operations Glossary,55,Glossary Term,9
Non Quality Semi Finished Discard,Seed cleaned and sorted that did not pass quality test,,glossary_term,13,Global Seed Operations Glossary,55,Glossary Term,9
Quality Semi Finished Discard,Quality Seed cleaned and sorted but not yet conditioned and packaged,,glossary_term,13,Global Seed Operations Glossary,55,Glossary Term,9
Finished Discard,Discard of units that are packaged for sale,,glossary_term,13,Global Seed Operations Glossary,55,Glossary Term,9